®É¶¡,Open,High,Low,Close,SMA5,SMA10,SMA20,SMA60,Vol,MA5,MA10,DIF12-26,MACD9,OSC,K,D,RSI 6,RSI 12,BBand width,Band%EMA3,TaiwnaAll
2016/7/21,9,9,8.89,8.9,8.88,8.79,8.27,7.73,31,57,138,0.35,0.29,0.06,60.61%,64.21%,66.10%,67.13%,27.45%,26.84%,9056.56
2016/7/22,8.9,8.9,8.83,8.83,8.9,8.87,8.33,7.73,19,40,134,0.34,0.3,0.04,54.32%,60.91%,59.90%,64.30%,27.17%,27.01%,9013.14
2016/7/25,9,9.09,8.9,9,8.92,8.93,8.39,7.74,71,46,122,0.34,0.31,0.03,48.72%,56.85%,68.51%,67.89%,27.14%,27.07%,8991.67
2016/7/26,8.9,9,8.88,8.89,8.9,8.91,8.45,7.74,209,73,108,0.33,0.31,0.02,47.56%,53.75%,58.72%,63.39%,26.55%,26.81%,9024.79
2016/7/27,8.89,9.15,8.89,8.91,8.91,8.89,8.5,7.75,151,96,84,0.32,0.32,0.01,47.26%,51.59%,59.97%,63.86%,25.65%,26.23%,9063.39
2016/7/28,8.93,9.15,8.93,9.04,8.93,8.91,8.57,7.77,243,139,98,0.32,0.32,0,55.67%,52.95%,67.61%,66.91%,24.67%,25.45%,9076.64
2016/7/29,9.1,9.25,9.05,9.13,8.99,8.95,8.64,7.79,137,162,101,0.32,0.32,0,60.92%,55.61%,72.04%,68.89%,22.93%,24.19%,8984.41
2016/8/1,8.91,10,8.89,9.62,9.12,9.02,8.74,7.82,427,233,140,0.35,0.32,0.02,63.12%,58.11%,85.24%,77.06%,21.98%,23.08%,9080.71
2016/8/2,9.5,9.6,9.2,9.45,9.23,9.07,8.83,7.87,253,242,158,0.36,0.33,0.03,59.75%,58.66%,71.24%,70.09%,20.23%,21.65%,9068.76
2016/8/3,9.45,9.45,9.21,9.23,9.29,9.1,8.9,7.92,73,227,161,0.35,0.33,0.02,51.23%,56.18%,56.76%,62.16%,17.10%,19.38%,9001.71
2016/8/4,9.7,9.99,9.3,9.4,9.37,9.15,8.97,7.97,137,205,172,0.36,0.34,0.02,49.63%,54.00%,63.62%,65.46%,15.22%,17.30%,9024.71
2016/8/5,9.45,9.53,9.1,9.15,9.37,9.18,9.02,8.01,98,198,180,0.34,0.34,0,41.12%,49.70%,49.71%,57.44%,11.97%,14.63%,9092.12
2016/8/8,9.05,9.05,8.8,8.81,9.21,9.16,9.05,8.04,259,164,199,0.29,0.33,-0.04,27.69%,42.37%,36.63%,48.60%,10.08%,12.35%,9150.26
2016/8/9,8.81,9,8.81,8.88,9.09,9.16,9.04,8.07,132,140,191,0.25,0.31,-0.06,20.68%,35.14%,40.50%,50.32%,10.20%,11.28%,9155.08
2016/8/10,8.88,9.49,8.88,9.22,9.09,9.19,9.04,8.11,111,147,187,0.24,0.3,-0.06,25.46%,31.91%,56.11%,57.79%,10.32%,10.80%,9200.42
2016/8/11,8.85,9.2,8.85,9.2,9.05,9.21,9.06,8.15,87,137,171,0.22,0.28,-0.06,28.08%,30.63%,55.09%,57.24%,10.24%,10.52%,9131.83
2016/8/12,9.15,9.17,8.88,9.03,9.03,9.2,9.07,8.18,118,141,170,0.2,0.27,-0.07,25.16%,28.81%,46.47%,52.58%,9.60%,10.06%,9150.39
2016/8/15,9.02,9.02,8.88,8.95,9.06,9.13,9.08,8.22,48,99,132,0.17,0.25,-0.07,20.98%,26.20%,42.70%,50.47%,9.56%,9.81%,9148.51
2016/8/16,8.85,8.95,8.85,8.95,9.07,9.08,9.07,8.25,18,76,108,0.15,0.23,-0.08,18.19%,23.53%,42.70%,50.47%,9.59%,9.70%,9110.36
2016/8/17,8.95,9,8.83,8.98,9.02,9.06,9.08,8.28,94,73,110,0.13,0.21,-0.08,20.34%,22.47%,45.10%,51.34%,9.46%,9.58%,9117.7
2016/8/18,8.98,9.07,8.8,8.88,8.96,9.01,9.08,8.31,74,70,104,0.11,0.19,-0.08,17.43%,20.79%,38.62%,48.25%,9.50%,9.54%,9122.5
2016/8/19,8.99,8.99,8.94,8.94,8.94,8.98,9.08,8.34,26,52,97,0.1,0.17,-0.07,18.38%,19.99%,44.38%,50.21%,9.27%,9.40%,9034.27
2016/8/22,9,9,8.8,8.94,8.94,9,9.08,8.36,30,48,74,0.08,0.15,-0.07,19.02%,19.66%,44.38%,50.21%,9.34%,9.37%,8981.81
2016/8/23,8.8,8.9,8.8,8.9,8.93,9,9.08,8.39,277,100,88,0.07,0.14,-0.07,21.01%,20.11%,40.71%,48.75%,9.32%,9.35%,9030.93
2016/8/24,8.9,9.04,8.8,9.04,8.94,8.98,9.09,8.42,88,99,86,0.06,0.12,-0.06,35.63%,25.28%,55.99%,53.88%,9.17%,9.26%,9017.38
2016/8/25,9.04,9.05,8.88,9,8.96,8.96,9.09,8.45,67,98,84,0.06,0.11,-0.05,48.44%,33.00%,51.44%,52.25%,9.20%,9.23%,9115.47
2016/8/26,9,9.42,9,9.11,9,8.97,9.08,8.48,143,121,87,0.07,0.1,-0.03,48.96%,38.32%,61.70%,56.23%,9.19%,9.21%,9131.72
2016/8/29,9.11,9.29,9.06,9.2,9.05,8.99,9.06,8.52,150,145,97,0.08,0.1,-0.02,54.15%,43.60%,68.28%,59.25%,7.57%,8.39%,9110.17
2016/8/30,9.1,9.19,9.08,9.17,9.1,9.02,9.05,8.55,65,103,101,0.08,0.09,-0.01,55.99%,47.73%,63.89%,57.80%,6.61%,7.50%,9110.56
2016/8/31,9.05,9.05,8.91,9,9.1,9.02,9.04,8.57,34,92,95,0.07,0.09,-0.02,48.08%,47.85%,44.45%,50.19%,6.37%,6.93%,9068.85
2016/9/1,8.99,9.05,8.99,9,9.1,9.03,9.02,8.58,19,82,90,0.06,0.09,-0.02,42.81%,46.17%,44.45%,50.19%,5.21%,6.07%,9001.15
2016/9/2,8.96,9.11,8.96,9.01,9.08,9.04,9.01,8.6,79,69,95,0.06,0.08,-0.02,39.83%,44.05%,45.85%,50.64%,5.04%,5.55%,8987.55
2016/9/5,9.05,9.05,8.94,8.95,9.03,9.04,9.02,8.61,40,47,96,0.05,0.07,-0.02,34.62%,40.91%,38.83%,47.78%,4.65%,5.10%,9090.13
2016/9/6,8.88,9,8.88,9,8.99,9.05,9.02,8.64,9,36,69,0.04,0.07,-0.03,30.48%,37.43%,46.95%,50.33%,4.44%,4.77%,9181.85
2016/9/7,9,9.04,9,9.04,9,9.05,9.01,8.66,29,35,64,0.04,0.06,-0.02,30.20%,35.02%,52.95%,52.36%,3.97%,4.37%,9259.07
2016/9/8,9.2,9.9,9.2,9.45,9.09,9.09,9.03,8.69,473,126,104,0.07,0.06,0.01,38.76%,36.27%,80.32%,67.30%,5.54%,4.96%,9262.89
2016/9/9,9.62,10.2,9.62,9.71,9.23,9.15,9.06,8.72,743,259,164,0.13,0.08,0.05,46.80%,39.78%,86.36%,73.13%,8.58%,6.77%,9164.88
2016/9/10,9.45,9.76,9.24,9.38,9.32,9.17,9.08,8.75,157,282,165,0.14,0.09,0.05,43.83%,41.13%,58.85%,58.65%,9.01%,7.89%,9053.69
2016/9/12,9.4,9.4,9.2,9.31,9.38,9.19,9.1,8.78,73,295,166,0.13,0.1,0.03,40.08%,40.78%,54.44%,56.08%,9.14%,8.51%,8947.06
2016/9/13,9.4,9.4,9.23,9.26,9.42,9.21,9.11,8.8,76,304,170,0.12,0.1,0.02,36.31%,39.29%,51.15%,54.23%,9.16%,8.83%,8940.83
2016/9/14,9.26,9.75,9.23,9.45,9.42,9.26,9.14,8.83,206,251,189,0.13,0.11,0.02,38.60%,39.06%,61.70%,59.74%,9.34%,9.09%,8902.3
2016/9/19,9.49,9.7,9.49,9.62,9.4,9.32,9.18,8.86,201,143,201,0.15,0.12,0.03,44.42%,40.85%,68.91%,63.97%,10.11%,9.60%,9152.88
2016/9/20,9.6,9.6,9.42,9.58,9.44,9.38,9.21,8.89,145,140,211,0.15,0.12,0.03,45.73%,42.47%,65.43%,62.29%,10.47%,10.03%,9161.58
2016/9/21,9.5,9.66,9.49,9.64,9.51,9.44,9.25,8.92,138,153,224,0.16,0.13,0.03,45.15%,43.37%,68.31%,63.85%,10.70%,10.37%,9228.5
2016/9/22,9.7,9.7,9.42,9.58,9.57,9.5,9.27,8.95,244,187,246,0.16,0.14,0.02,42.77%,43.17%,62.10%,61.10%,10.91%,10.64%,9235.26
2016/9/23,9.58,9.98,9.58,9.95,9.67,9.55,9.32,8.99,464,238,245,0.19,0.15,0.04,60.56%,48.97%,77.34%,69.83%,12.20%,11.42%,9284.62
2016/9/26,10.2,10.9,10.2,10.9,9.93,9.67,9.41,9.05,631,324,234,0.27,0.17,0.1,73.71%,57.21%,89.88%,81.48%,18.79%,15.10%,9194.52
2016/9/29,11.95,11.95,11.95,11.95,10.4,9.92,9.55,9.12,374,370,255,0.43,0.22,0.21,82.47%,65.63%,94.16%,87.36%,29.53%,22.32%,9270.9
2016/9/30,11.95,12.8,11,12.2,10.92,10.21,9.7,9.19,2654,873,513,0.56,0.29,0.27,82.71%,71.33%,94.79%,88.32%,37.31%,29.81%,9166.85
2016/10/3,12.1,12.2,11.3,11.75,11.35,10.46,9.84,9.26,982,1021,604,0.63,0.36,0.27,78.12%,73.59%,76.88%,76.83%,40.37%,35.09%,9234.2
2016/10/4,11.9,12.2,11.5,11.8,11.72,10.7,9.98,9.32,633,1055,647,0.68,0.42,0.26,75.55%,74.24%,77.45%,77.19%,42.50%,38.80%,9287.77
2016/10/5,12,12.95,11.6,12.95,12.13,11.03,10.17,9.4,2146,1358,841,0.78,0.49,0.29,83.70%,77.40%,86.56%,83.58%,47.84%,43.32%,9272.28
2016/10/6,13.3,14.1,13.15,13.5,12.44,11.42,10.4,9.49,3137,1910,1140,0.92,0.58,0.34,84.86%,79.88%,89.09%,85.68%,53.11%,48.21%,9284.31
2016/10/7,13.15,14,12.5,13.35,12.67,11.79,10.62,9.56,1741,1728,1301,1.01,0.67,0.34,84.38%,81.38%,83.92%,82.55%,55.83%,52.02%,9265.81
2016/10/11,13.4,13.4,12.05,12.4,12.8,12.08,10.79,9.61,1613,1854,1438,1,0.73,0.27,75.05%,79.27%,58.23%,65.89%,55.03%,53.53%,9219.82
2016/10/12,12.2,12.5,11.85,11.95,12.83,12.28,10.91,9.67,717,1871,1463,0.94,0.77,0.17,60.25%,72.93%,49.60%,59.67%,53.94%,53.73%,9252.6
2016/10/13,12.3,12.5,11.85,12.1,12.66,12.4,11.03,9.72,599,1561,1460,0.89,0.8,0.09,52.00%,65.95%,52.42%,61.01%,53.16%,53.45%,9219.17
2016/10/14,11.9,12.35,11.5,11.9,12.34,12.39,11.16,9.77,781,1090,1500,0.83,0.8,0.02,41.81%,57.90%,48.11%,58.20%,51.14%,52.29%,9165.17
2016/10/17,11.65,12.95,11.6,12.95,12.26,12.47,11.34,9.84,876,917,1323,0.82,0.81,0.01,46.46%,54.09%,65.81%,66.92%,49.79%,51.04%,9176.22
2016/10/18,12.5,13.95,12.5,13.5,12.48,12.64,11.55,9.91,2124,1019,1437,0.87,0.82,0.05,56.61%,54.93%,71.85%,70.45%,48.53%,49.79%,9222.58
2016/10/19,13.8,13.9,12.5,12.5,12.59,12.71,11.7,9.97,1541,1184,1528,0.85,0.82,0.03,50.56%,53.48%,51.87%,58.16%,45.41%,47.60%,9283.99
2016/11/3,20.85,20.85,18.75,18.75,13.92,13.29,12.16,10.14,608,1186,1374,1.34,0.93,0.41,59.56%,55.50%,84.40%,80.89%,64.31%,55.96%,9317.24
2016/11/4,17.8,18.2,17,17.05,14.95,13.65,12.53,10.27,490,1128,1109,1.56,1.05,0.5,59.49%,56.83%,69.15%,69.66%,68.04%,62.00%,9306.57
2016/11/7,17.05,18.6,16.2,18.6,16.08,14.17,12.98,10.44,375,1028,972,1.76,1.2,0.56,64.97%,59.55%,74.24%,73.34%,73.99%,68.00%,9322.5
2016/11/8,18.6,18.9,17.55,18.55,17.09,14.79,13.43,10.6,395,682,851,1.93,1.34,0.59,68.45%,62.51%,73.77%,73.03%,76.15%,72.07%,9385.65
2016/11/9,18.6,18.7,16.8,16.8,17.95,15.27,13.77,10.73,325,439,811,1.95,1.46,0.49,64.53%,63.18%,58.24%,62.83%,73.37%,72.72%,9362.25
2016/11/10,17.35,17.6,17.05,17.1,17.62,15.77,14.08,10.86,242,365,776,1.94,1.56,0.38,62.84%,63.07%,59.97%,63.78%,72.01%,72.37%,9299.55
2016/11/11,16,16.25,15.6,16.05,17.42,16.19,14.29,10.97,435,354,741,1.82,1.61,0.21,56.06%,60.73%,51.07%,58.13%,70.56%,71.46%,9306.92
2016/11/14,16.15,16.15,15.8,15.95,16.89,16.49,14.48,11.07,137,307,667,1.69,1.63,0.07,51.15%,57.54%,50.21%,57.60%,69.01%,70.24%,9290.12
2016/11/15,16.15,16.15,15.8,15.9,16.36,16.73,14.68,11.19,116,251,466,1.58,1.62,-0.04,36.00%,50.36%,49.72%,57.31%,66.31%,68.27%,9272.7
2016/11/16,15.7,16,15.7,15.75,16.15,17.05,14.88,11.29,158,218,328,1.46,1.59,-0.13,25.52%,42.08%,48.00%,56.40%,63.19%,65.73%,9139.04
2016/11/17,15.75,17.3,15.6,17.3,16.19,16.91,15.1,11.43,578,285,325,1.43,1.55,-0.12,34.18%,39.45%,63.57%,63.04%,62.62%,64.17%,9067.27
2016/11/18,17,18.2,16.8,17.6,16.5,16.96,15.3,11.57,436,285,320,1.45,1.53,-0.08,42.99%,40.63%,65.94%,64.19%,62.57%,63.37%,9068.15
2016/11/21,17.5,17.5,16.85,17.05,16.72,16.81,15.49,11.71,165,291,299,1.41,1.51,-0.1,44.25%,41.84%,57.69%,60.43%,61.43%,62.40%,9189.84
2016/11/22,17.05,17.35,16.85,17.05,16.95,16.66,15.72,11.84,86,285,268,1.36,1.48,-0.12,48.09%,43.92%,57.69%,60.43%,58.29%,60.35%,9217.43
2016/11/23,17.05,17.4,16.95,17.1,17.22,16.69,15.98,11.97,113,276,247,1.31,1.45,-0.13,51.29%,46.38%,58.37%,60.67%,53.50%,56.92%,8943.2
2016/11/24,16.9,17.2,16.9,17,17.16,16.68,16.22,12.1,74,175,230,1.25,1.41,-0.16,52.14%,48.30%,56.19%,59.85%,48.11%,52.52%,9152.18
2016/11/25,17,17.8,17,17.4,17.12,16.81,16.5,12.25,116,111,198,1.22,1.37,-0.15,57.84%,51.48%,62.84%,62.10%,41.05%,46.78%,8957.76
2016/11/28,17.4,17.4,16.9,17.15,17.14,16.93,16.71,12.38,88,95,193,1.16,1.33,-0.17,58.43%,53.80%,56.42%,59.82%,35.63%,41.21%,8940.4
2016/11/29,17.1,17.2,17,17.05,17.14,17.05,16.89,12.52,40,86,185,1.09,1.28,-0.19,57.54%,55.05%,53.78%,58.87%,30.66%,35.93%,8931.03
2016/11/30,17.05,17.05,16.65,16.7,17.06,17.14,17.1,12.65,77,79,177,1.01,1.23,-0.22,39.44%,49.84%,44.96%,55.53%,19.16%,27.55%,8962.22
2016/12/1,16.6,16.8,16.55,16.55,16.97,17.07,16.99,12.77,52,75,125,0.91,1.16,-0.25,26.29%,41.99%,41.46%,54.09%,17.25%,22.40%,8995.26
2016/12/2,16.5,16.5,16,16.1,16.71,16.92,16.94,12.89,179,87,99,0.79,1.09,-0.3,19.38%,34.46%,32.39%,49.87%,17.88%,20.14%,9008.79
2016/12/5,16.05,16.3,16,16.05,16.49,16.82,16.81,13.01,45,79,87,0.69,1.01,-0.32,13.85%,27.59%,31.47%,49.40%,16.11%,18.12%,9041.11
2016/12/6,16.05,16.5,16.05,16.2,16.32,16.73,16.69,13.13,65,84,85,0.6,0.93,-0.32,12.93%,22.70%,37.82%,50.91%,13.38%,15.75%,9133.39
2016/12/7,16.2,17.3,16.2,17,16.38,16.72,16.7,13.27,164,101,90,0.58,0.86,-0.27,27.14%,24.18%,60.96%,58.15%,13.45%,14.60%,9178.23
2016/12/8,16.95,16.95,16.5,16.5,16.37,16.67,16.67,13.39,118,114,94,0.54,0.8,-0.25,30.00%,26.12%,47.66%,52.84%,13.33%,13.97%,9152.11
2016/12/9,16.65,17.1,16.55,16.55,16.46,16.59,16.7,13.51,65,91,89,0.51,0.74,-0.23,34.10%,28.78%,48.99%,53.30%,12.89%,13.43%,9159.07
2016/12/12,16.35,17.1,16.35,16.65,16.58,16.54,16.73,13.64,116,106,92,0.48,0.69,-0.21,39.40%,32.32%,51.94%,54.29%,12.20%,12.82%,9222.24
2016/12/13,16.35,16.9,16.35,16.65,16.67,16.5,16.77,13.76,54,103,94,0.44,0.64,-0.2,42.93%,35.86%,51.94%,54.29%,11.31%,12.06%,9192.38
2016/12/14,16.65,16.7,16.45,16.5,16.57,16.48,16.81,13.89,61,83,92,0.4,0.59,-0.19,41.44%,37.72%,46.18%,52.32%,9.96%,11.01%,9240.71
2016/12/15,16.5,16.75,16.5,16.55,16.58,16.48,16.77,14.01,42,68,91,0.37,0.55,-0.18,41.73%,39.06%,48.46%,52.94%,9.68%,10.35%,9263.53
2016/12/16,16.55,16.8,16.3,16.3,16.53,16.5,16.71,14.14,63,67,79,0.33,0.5,-0.18,34.49%,37.53%,38.63%,49.43%,8.87%,9.61%,9189.49
2016/12/19,16.3,16.7,16.25,16.6,16.52,16.55,16.68,14.26,86,61,83,0.3,0.46,-0.16,35.11%,36.73%,52.51%,53.47%,8.69%,9.15%,9160.66
2016/12/20,16.55,16.55,16.3,16.4,16.47,16.57,16.65,14.39,62,63,83,0.26,0.42,-0.16,29.29%,34.25%,44.46%,50.53%,8.58%,8.86%,9250.77
2016/12/21,16.4,16.7,16.2,16.2,16.41,16.49,16.61,14.5,69,64,74,0.23,0.38,-0.16,19.53%,29.34%,37.56%,47.68%,8.53%,8.70%,9263.89
2016/12/22,16.2,16.3,16.2,16.25,16.35,16.47,16.57,14.61,28,62,65,0.19,0.34,-0.16,14.87%,24.52%,40.34%,48.47%,8.45%,8.57%,9375.86
2016/12/23,16.25,16.3,16.2,16.3,16.35,16.44,16.51,14.72,18,53,60,0.16,0.31,-0.15,14.68%,21.24%,43.36%,49.31%,7.21%,7.89%,9392.68
2016/12/26,16.3,16.3,16.2,16.2,16.27,16.4,16.47,14.84,47,45,53,0.13,0.27,-0.14,9.78%,17.42%,38.66%,47.62%,6.46%,7.18%,9349.94
2016/12/27,16.2,16.3,16.15,16.2,16.23,16.35,16.42,14.95,38,40,51,0.1,0.24,-0.13,9.09%,14.64%,38.66%,47.62%,5.73%,6.45%,9382.14
2016/12/28,16.35,16.5,16.3,16.3,16.25,16.33,16.4,15.07,31,32,48,0.09,0.21,-0.12,13.75%,14.34%,46.95%,49.67%,5.55%,6.00%,9368.52
2016/12/29,16.25,16.3,16.1,16.25,16.25,16.3,16.39,15.18,50,37,49,0.07,0.18,-0.11,17.50%,15.40%,43.43%,48.63%,5.55%,5.78%,9360.35
2016/12/30,16.3,16.5,16.25,16.3,16.25,16.3,16.4,15.29,38,41,47,0.07,0.16,-0.09,22.78%,17.86%,48.10%,49.78%,5.34%,5.56%,9326.78
2017/1/3,16.7,16.7,16.3,16.3,16.27,16.27,16.41,15.4,45,40,43,0.07,0.14,-0.07,26.30%,20.67%,48.10%,49.78%,5.00%,5.28%,9239.32
2017/1/4,16.3,16.3,16.25,16.25,16.28,16.26,16.41,15.51,53,43,42,0.05,0.12,-0.07,25.86%,22.40%,42.99%,48.49%,4.95%,5.11%,9242.41
2017/1/5,16.25,16.45,16.25,16.35,16.29,16.27,16.38,15.62,29,43,38,0.05,0.11,-0.06,31.13%,25.31%,54.57%,51.25%,3.71%,4.41%,9204.26
2017/1/6,16.45,16.45,16.3,16.45,16.33,16.29,16.38,15.71,95,52,44,0.05,0.1,-0.04,40.20%,30.27%,63.48%,53.94%,3.67%,4.04%,9118.75
2017/1/9,16.4,16.45,16.3,16.45,16.36,16.31,16.37,15.79,64,57,49,0.05,0.09,-0.04,46.24%,35.60%,63.48%,53.94%,3.57%,3.81%,9078.64
2017/1/10,16.45,18.05,16.45,17.65,16.63,16.45,16.42,15.88,307,110,75,0.14,0.1,0.04,57.32%,42.84%,91.68%,74.23%,7.57%,5.69%,9110.54
2017/1/11,17.5,17.5,16.6,16.75,16.73,16.51,16.43,15.96,117,122,83,0.15,0.11,0.05,49.33%,45.00%,54.09%,54.56%,7.68%,6.68%,9109.27
2017/1/12,16.75,16.8,16.65,16.7,16.8,16.55,16.44,16.04,37,124,84,0.15,0.12,0.04,41.22%,43.74%,52.65%,53.70%,7.80%,7.24%,9201.4
2017/1/13,16.6,16.7,16.5,16.7,16.85,16.59,16.45,16.1,163,138,95,0.15,0.12,0.02,35.81%,41.10%,52.65%,53.70%,7.90%,7.57%,9153.09
2017/1/16,16.6,16.6,16.45,16.55,16.87,16.62,16.46,16.16,120,149,103,0.13,0.12,0,29.43%,37.21%,47.22%,50.83%,7.87%,7.72%,9253.5
2017/1/17,16.6,16.6,16.5,16.55,16.65,16.64,16.46,16.21,26,93,101,0.11,0.12,-0.01,25.18%,33.20%,47.22%,50.83%,7.85%,7.78%,9272.88
2017/1/18,16.55,16.55,16.45,16.5,16.6,16.67,16.46,16.28,44,78,100,0.1,0.12,-0.02,20.59%,29.00%,45.00%,49.78%,7.84%,7.81%,9286.96
2017/1/19,16.5,17.15,16.5,16.65,16.59,16.7,16.48,16.36,417,154,139,0.1,0.12,-0.01,20.40%,26.13%,52.98%,52.97%,7.75%,7.78%,9358.14
2017/1/20,16.65,17.6,16.65,16.7,16.59,16.72,16.51,16.43,76,137,137,0.12,0.12,0,18.81%,23.69%,55.56%,54.03%,7.71%,7.75%,9372.22
2017/1/23,16.65,17.3,16.6,16.65,16.61,16.74,16.52,16.51,109,134,142,0.12,0.12,0.01,18.33%,21.90%,52.13%,52.73%,7.65%,7.70%,9342.42
2017/1/24,16.75,16.85,16.6,16.6,16.62,16.64,16.54,16.57,190,167,130,0.11,0.12,0,16.57%,20.13%,48.53%,51.38%,7.44%,7.57%,9349.64
2017/2/2,16.65,17.3,16.65,17.2,16.76,16.68,16.59,16.63,175,193,136,0.14,0.12,0.02,32.79%,24.35%,74.18%,63.58%,7.92%,7.74%,9345.74
2017/2/3,17.35,18.9,17.35,18.9,17.21,16.9,16.72,16.74,555,221,188,0.27,0.15,0.12,55.19%,34.63%,90.42%,79.49%,14.21%,10.97%,9410.18
2017/2/6,20.75,20.75,20.75,20.75,18.02,17.31,16.95,16.77,270,260,198,0.55,0.23,0.32,70.13%,46.46%,94.74%,86.49%,24.78%,17.88%,9378.83
2017/2/7,22.8,22.8,21.6,22.8,19.25,17.93,17.27,16.87,2381,714,424,0.9,0.36,0.54,80.08%,57.67%,96.71%,90.44%,37.97%,27.92%,9292.33
2017/2/8,22.9,23.1,22.2,22.7,20.47,18.55,17.59,16.94,1711,1018,593,1.18,0.53,0.65,84.70%,66.68%,94.63%,89.05%,45.54%,36.73%,9354.53
2017/2/9,22.65,22.65,20.5,21.2,21.27,19.02,17.84,16.98,1344,1252,723,1.28,0.68,0.6,80.06%,71.14%,68.26%,71.21%,47.62%,42.17%,9341.97
2017/2/10,21.25,21.5,20.55,20.95,21.68,19.45,18.07,17.05,624,1266,744,1.32,0.81,0.51,75.68%,72.65%,64.65%,68.71%,48.65%,45.41%,9318.12
2017/2/13,21.2,21.9,20.7,21.9,21.91,19.97,18.34,17.13,545,1321,790,1.38,0.92,0.46,77.63%,74.31%,71.51%,72.69%,50.48%,47.95%,9331.46
2017/2/14,21.7,21.7,20.3,20.4,21.43,20.34,18.54,17.2,539,953,833,1.34,1,0.33,71.14%,73.25%,52.29%,59.63%,49.91%,48.93%,9424.05
2017/2/15,20.05,20.45,19.5,20.45,20.98,20.73,18.68,17.28,486,708,863,1.25,1.05,0.2,65.39%,70.63%,52.79%,59.89%,50.10%,49.52%,9447.95
2017/2/16,20.45,20.5,19.7,19.9,20.72,21,18.84,17.35,328,504,878,1.15,1.07,0.08,47.30%,62.86%,46.29%,55.56%,49.06%,49.29%,9428.97
2017/2/17,19.95,20.35,19.75,20.05,20.54,21.11,19.01,17.42,221,424,845,1.07,1.07,-0.01,36.63%,54.11%,48.37%,56.50%,47.79%,48.54%,9455.56
2017/2/18,20.35,20.35,19.8,19.8,20.12,21.02,19.16,17.46,198,354,838,0.98,1.05,-0.08,27.20%,45.14%,44.89%,54.42%,46.20%,47.37%,9538.01
2017/2/20,19.8,20,19.25,19.65,19.97,20.7,19.32,17.49,215,290,621,0.87,1.02,-0.14,22.05%,37.44%,42.68%,53.13%,44.15%,45.76%,9554.56
2017/2/21,19.9,20.2,19.6,19.8,19.84,20.41,19.48,17.54,308,254,481,0.8,0.97,-0.17,21.62%,32.17%,45.88%,54.31%,41.83%,43.79%,9543.25
2017/2/22,20,20.25,19.8,20,19.86,20.29,19.65,17.59,190,226,365,0.74,0.93,-0.18,23.85%,29.39%,50.32%,55.91%,39.09%,41.44%,9590.18
2017/2/23,20,22,20,22,20.25,20.4,19.92,17.67,683,319,371,0.81,0.9,-0.09,49.23%,36.01%,74.95%,68.14%,37.25%,39.34%,9665.59
2017/2/24,22,22,20.85,21.1,20.51,20.32,20.14,17.74,622,404,379,0.83,0.89,-0.05,55.25%,42.42%,59.12%,59.97%,34.08%,36.71%,9710.32
2017/3/1,21.2,21.2,20.35,20.35,20.65,20.31,20.33,17.79,228,406,348,0.79,0.87,-0.08,50.16%,45.00%,48.81%,54.08%,29.86%,33.29%,9718.78
2017/3/2,20.5,20.6,20.05,20.05,20.7,20.27,20.5,17.84,179,380,317,0.71,0.84,-0.12,43.14%,44.38%,45.04%,51.86%,24.55%,28.92%,9799.76
2017/3/3,19.9,20.5,19.9,20.2,20.74,20.3,20.65,17.89,98,362,294,0.65,0.8,-0.15,40.27%,43.01%,47.48%,52.92%,19.58%,24.25%,9771.25
2017/3/6,20.2,20.3,19.95,20,20.34,20.3,20.7,17.94,76,241,280,0.58,0.76,-0.18,35.94%,40.65%,44.33%,51.28%,18.19%,21.22%,9759.76
2017/3/7,20,21.4,20,20.45,20.21,20.36,20.69,18.01,165,149,276,0.56,0.72,-0.16,35.77%,39.03%,52.77%,54.72%,18.23%,19.73%,9779.92
2017/3/8,20.1,21,20.1,20.6,20.26,20.46,20.58,18.08,282,160,283,0.53,0.68,-0.14,35.97%,38.01%,55.47%,55.85%,15.72%,17.72%,9753.2
2017/3/9,20.5,20.6,20.2,20.5,20.35,20.53,20.47,18.16,97,144,262,0.5,0.64,-0.14,33.50%,36.50%,53.05%,54.85%,12.62%,15.17%,9763.93
2017/3/10,20.5,20.55,20.15,20.25,20.36,20.55,20.42,18.22,116,147,255,0.46,0.61,-0.15,27.89%,33.63%,46.89%,52.30%,12.24%,13.71%,9778.78
2017/3/13,20.25,21.25,20.25,20.75,20.51,20.43,20.41,18.29,262,184,213,0.45,0.58,-0.12,37.48%,34.92%,58.46%,56.69%,12.11%,12.91%,9769.31
2017/3/14,20.8,21.3,20.75,21.2,20.66,20.44,20.38,18.37,198,191,170,0.47,0.56,-0.08,53.88%,41.24%,66.37%,60.28%,10.77%,11.84%,9750.47
2017/3/15,21.4,21.4,20.95,21.05,20.75,20.51,20.41,18.44,175,170,165,0.48,0.54,-0.06,61.47%,47.98%,61.67%,58.52%,11.13%,11.49%,9674.78
2017/3/16,21,21.7,21,21.05,20.86,20.61,20.44,18.51,326,215,180,0.49,0.53,-0.04,61.93%,52.63%,61.67%,58.52%,11.45%,11.47%,9691.8
2017/3/17,21.1,21.8,21.1,21.4,21.09,20.73,20.51,18.59,313,255,201,0.51,0.53,-0.01,67.22%,57.49%,69.03%,61.63%,11.84%,11.65%,9648.21
2017/3/20,21.35,21.75,21.15,21.2,21.18,20.85,20.57,18.67,270,256,220,0.52,0.53,-0.01,66.38%,60.46%,61.00%,58.88%,11.96%,11.80%,9682.63
2017/3/21,21.2,21.3,20.75,20.75,21.09,20.88,20.62,18.74,208,258,225,0.48,0.52,-0.04,56.37%,59.09%,46.41%,53.05%,11.44%,11.62%,9738.07
2017/3/22,20.75,20.95,20.55,20.75,21.03,20.89,20.67,18.82,121,248,209,0.43,0.5,-0.07,49.70%,55.96%,46.41%,53.05%,10.58%,11.10%,9753.45
2017/3/23,20.95,21.3,20.7,20.75,20.97,20.92,20.72,18.88,129,208,212,0.4,0.48,-0.08,43.89%,51.94%,46.41%,53.05%,9.82%,10.46%,9658.61
2017/3/24,20.75,21.4,20.75,20.8,20.85,20.97,20.76,18.96,129,171,213,0.37,0.46,-0.08,35.93%,46.60%,48.76%,53.71%,9.27%,9.87%,9627.89
2017/3/27,20.8,20.85,19.5,20,20.61,20.9,20.66,19.02,364,190,223,0.28,0.42,-0.14,31.20%,41.47%,26.46%,43.12%,8.07%,8.97%,9697.34
2017/3/28,19.8,20.05,19.3,19.5,20.36,20.73,20.58,19.08,227,194,226,0.17,0.37,-0.2,23.46%,35.47%,19.70%,38.01%,9.22%,9.09%,9744.21
2017/3/29,19.5,19.5,18.5,18.6,19.93,20.48,20.49,19.11,338,237,243,0.01,0.3,-0.29,16.65%,29.19%,12.70%,30.84%,12.51%,10.80%,9740.31
2017/3/30,18.4,19,17.7,18.8,19.54,20.26,20.43,19.16,295,271,239,-0.13,0.21,-0.34,20.16%,26.18%,20.26%,33.86%,14.39%,12.59%,9837.83
2017/3/31,18.55,19.4,18.4,18.95,19.17,20.01,20.37,19.2,126,270,221,-0.21,0.13,-0.34,24.70%,25.69%,26.02%,36.15%,15.75%,14.17%,9908.69
2017/4/5,18.95,19,18.55,18.75,18.92,19.77,20.31,19.24,93,216,203,-0.28,0.05,-0.33,25.93%,25.77%,23.33%,34.42%,17.21%,15.69%,9912.97
2017/4/6,18.95,18.95,18.5,18.55,18.73,19.55,20.21,19.28,66,184,189,-0.34,-0.03,-0.31,24.94%,25.49%,20.74%,32.71%,18.85%,17.27%,9972.49
2017/4/7,18.55,18.55,18,18,18.61,19.27,20.08,19.31,144,145,191,-0.43,-0.11,-0.32,19.33%,23.44%,15.20%,28.47%,21.15%,19.21%,9922.66
2017/4/10,18,18,17.3,17.55,18.36,18.95,19.93,19.33,102,106,188,-0.53,-0.19,-0.34,15.23%,20.70%,12.03%,25.52%,23.88%,21.55%,9930.74
2017/4/11,17.8,17.8,17.2,17.25,18.02,18.6,19.78,19.35,101,101,186,-0.63,-0.28,-0.35,10.74%,17.38%,10.32%,23.73%,26.74%,24.14%,9902.98
2017/4/12,17.25,17.25,16.6,17.1,17.69,18.31,19.6,19.36,142,111,163,-0.72,-0.37,-0.35,12.91%,15.89%,9.50%,22.86%,29.06%,26.60%,9876.77
2017/4/13,17.1,17.1,16.8,16.95,17.37,18.05,19.39,19.37,83,114,149,-0.8,-0.46,-0.34,12.77%,14.85%,8.68%,21.97%,30.65%,28.62%,9876.45
2017/4/14,17,17.05,16.6,16.75,17.12,17.87,19.17,19.37,49,95,120,-0.86,-0.54,-0.32,10.30%,13.33%,7.63%,20.81%,32.12%,30.37%,9856.25
2017/4/17,17,17,16.35,16.45,16.9,17.63,18.94,19.35,53,86,96,-0.91,-0.61,-0.3,8.12%,11.60%,6.26%,19.14%,33.46%,31.92%,9848.15
2017/4/18,16.4,16.5,16,16.3,16.71,17.37,18.69,19.35,114,88,95,-0.97,-0.68,-0.29,8.81%,10.67%,5.65%,18.34%,33.80%,32.86%,9811.52
2017/4/19,16.3,16.8,16.3,16.75,16.64,17.17,18.47,19.35,66,73,92,-0.97,-0.74,-0.23,15.67%,12.34%,30.11%,28.18%,32.97%,32.91%,9949.48
2017/4/20,16.7,16.9,16.45,16.65,16.58,16.98,18.26,19.35,33,63,89,-0.96,-0.78,-0.18,21.28%,15.32%,28.16%,27.38%,32.32%,32.62%,9897.8
2017/4/21,16.75,16.75,16.25,16.25,16.48,16.8,18.04,19.34,44,62,79,-0.96,-0.82,-0.14,18.82%,16.49%,21.49%,24.36%,31.51%,32.06%,9873.37
2017/4/24,16.25,16.25,15.9,16,16.39,16.65,17.8,19.33,79,67,76,-0.98,-0.85,-0.13,15.01%,16.00%,18.25%,22.66%,30.16%,31.11%,9882.54
2017/4/25,15.9,16.05,15.8,16,16.33,16.52,17.56,19.32,51,55,71,-0.99,-0.88,-0.11,15.14%,15.71%,18.25%,22.66%,27.47%,29.29%,9832.42
2017/4/26,15.8,16.3,15.8,16,16.18,16.41,17.36,19.31,43,50,62,-0.99,-0.9,-0.08,15.43%,15.61%,18.25%,22.66%,25.63%,27.46%,9817.68
2017/4/27,16,16.75,16,16.25,16.1,16.34,17.2,19.31,20,47,55,-0.94,-0.91,-0.03,22.78%,18.00%,35.15%,29.09%,23.75%,25.61%,9836.68
2017/4/28,16.35,16.5,16.25,16.4,16.13,16.31,17.09,19.3,39,46,54,-0.9,-0.91,0.01,33.37%,23.13%,43.56%,32.75%,22.98%,24.29%,9732.93
2017/5/2,16.7,16.7,16.35,16.5,16.23,16.31,16.97,19.3,24,35,51,-0.84,-0.89,0.06,43.46%,29.90%,48.86%,35.19%,21.35%,22.82%,9716.4
2017/5/3,17.15,17.15,16.6,16.75,16.38,16.36,16.86,19.29,59,37,46,-0.76,-0.87,0.11,52.43%,37.41%,60.10%,41.01%,18.60%,20.71%,9746.56
2017/5/4,16.8,17.6,16.5,17.4,16.66,16.42,16.79,19.27,102,49,49,-0.65,-0.82,0.17,64.58%,46.47%,76.33%,52.99%,15.90%,18.31%,9639.94
2017/5/5,17.1,17.6,17.1,17.15,16.84,16.47,16.72,19.21,67,58,53,-0.56,-0.77,0.21,68.06%,53.66%,64.27%,48.83%,12.94%,15.62%,9632.69
2017/5/8,16.55,17.35,16.55,17.3,17.02,16.58,16.69,19.12,30,56,51,-0.5,-0.72,0.22,73.15%,60.16%,67.92%,51.33%,11.41%,13.52%,9717.41
2017/5/9,17.4,17.95,17.3,17.3,17.18,16.71,16.68,19.03,104,72,54,-0.41,-0.66,0.24,72.02%,64.11%,67.92%,51.33%,10.94%,12.23%,9717.95
2017/5/10,17.65,17.65,17.1,17.4,17.31,16.85,16.68,18.96,88,78,58,-0.35,-0.59,0.25,71.95%,66.72%,70.78%,53.15%,11.19%,11.71%,9841.71
2017/5/11,16.7,17.05,16.3,16.4,17.11,16.89,16.65,18.89,129,84,66,-0.36,-0.55,0.19,50.90%,61.45%,34.16%,37.77%,11.06%,11.38%,9856.45
2017/5/12,16.75,16.75,16.5,16.5,16.98,16.91,16.63,18.8,30,76,67,-0.36,-0.51,0.15,37.98%,53.63%,38.01%,39.67%,10.97%,11.18%,9860.62
2017/5/15,16.3,16.8,16.3,16.6,16.84,16.93,16.62,18.73,43,79,68,-0.36,-0.48,0.12,31.38%,46.21%,42.07%,41.62%,10.95%,11.06%,9872
2017/5/16,16.6,16.6,16.35,16.4,16.66,16.92,16.62,18.67,42,66,69,-0.36,-0.46,0.09,22.94%,38.45%,36.35%,38.88%,10.98%,11.02%,9941.27
2017/5/17,16.35,16.4,16.05,16.15,16.41,16.86,16.61,18.6,39,57,67,-0.38,-0.44,0.06,17.05%,31.32%,30.20%,35.68%,11.14%,11.08%,9955.33
2017/5/18,16.2,16.65,16.2,16.5,16.43,16.77,16.6,18.54,4,32,58,-0.37,-0.43,0.05,19.26%,27.30%,45.66%,42.86%,11.13%,11.10%,9967.64
2017/5/19,16.8,18.15,16.8,17.8,16.69,16.84,16.65,18.51,233,72,74,-0.27,-0.4,0.13,40.62%,31.74%,72.66%,60.68%,12.76%,11.93%,9899.94
2017/5/22,17.1,17.25,16.8,17,16.77,16.81,16.69,18.47,108,85,82,-0.23,-0.36,0.13,42.16%,35.21%,53.15%,50.18%,12.66%,12.30%,9937.25
2017/5/23,17.2,17.35,17.2,17.2,16.93,16.8,16.75,18.42,41,85,76,-0.18,-0.33,0.15,46.36%,38.93%,56.65%,52.42%,12.28%,12.29%,9915.48
2017/5/24,17.3,17.3,17.05,17.1,17.12,16.77,16.81,18.37,19,81,69,-0.15,-0.29,0.14,47.57%,41.81%,54.22%,51.16%,11.65%,11.97%,9968.32
2017/5/25,17.1,17.2,16.8,17.1,17.24,16.84,16.86,18.29,21,84,58,-0.13,-0.26,0.13,48.38%,44.00%,54.22%,51.16%,10.83%,11.40%,10001.48
2017/5/26,16.85,17,16.85,16.85,17.05,16.87,16.89,18.22,25,43,58,-0.12,-0.23,0.11,44.95%,44.32%,46.98%,47.75%,10.29%,10.85%,9986.82
2017/5/31,16.6,16.7,16.55,16.65,16.98,16.88,16.9,18.16,29,27,56,-0.14,-0.21,0.07,39.49%,42.71%,41.65%,45.13%,10.03%,10.44%,10036.82
2017/6/1,16.8,16.9,16.6,16.7,16.88,16.91,16.91,18.1,15,22,53,-0.14,-0.2,0.06,34.88%,40.10%,43.57%,45.94%,9.85%,10.14%,10031.49
2017/6/2,16.7,16.85,16.65,16.85,16.83,16.98,16.92,18.05,33,25,53,-0.14,-0.19,0.05,29.50%,36.57%,49.55%,48.43%,9.81%,9.98%,10013.67
2017/6/3,17,17.65,17,17.2,16.85,17.05,16.91,18,36,28,56,-0.09,-0.17,0.07,39.36%,37.50%,61.10%,53.85%,9.60%,9.79%,9969.45
2017/6/5,16.85,17.3,16.85,17.3,16.94,17,16.92,17.95,17,26,34,-0.07,-0.15,0.08,48.97%,41.32%,63.94%,55.31%,9.73%,9.76%,9947.62
2017/6/6,17.2,17.5,17.2,17.4,17.09,17.04,16.92,17.9,48,30,28,-0.03,-0.12,0.1,58.40%,47.02%,66.83%,56.80%,9.85%,9.80%,9997.26
2017/6/7,17.7,17.7,17,17.1,17.17,17.03,16.91,17.84,195,66,44,-0.01,-0.1,0.09,54.88%,49.64%,51.84%,51.20%,9.69%,9.75%,10007.84
2017/6/8,17.55,18.8,17.55,18.8,17.56,17.2,16.98,17.82,518,163,94,0.1,-0.06,0.16,69.92%,56.40%,80.93%,69.68%,13.52%,11.64%,10044.42
2017/6/9,18.8,20.4,18.5,19.85,18.09,17.47,17.15,17.8,875,331,179,0.29,0.01,0.28,75.18%,62.66%,86.83%,75.85%,19.44%,15.54%,10108.49
2017/6/12,19.9,20.6,19.9,20.35,18.7,17.82,17.35,17.79,656,458,242,0.48,0.1,0.37,81.37%,68.90%,88.81%,78.15%,24.71%,20.12%,10101.95
2017/6/13,20.15,20.2,19.25,19.35,19.09,18.09,17.48,17.76,265,502,266,0.56,0.19,0.37,77.03%,71.61%,65.28%,64.67%,26.11%,23.11%,10040.72
2017/6/14,19.9,19.9,18.45,19.1,19.49,18.33,17.62,17.73,256,514,290,0.59,0.27,0.31,71.36%,71.52%,60.47%,61.77%,26.44%,24.78%,10087.42
2017/6/15,18.8,19.1,18.6,19.1,19.55,18.56,17.77,17.69,99,430,297,0.59,0.34,0.25,67.57%,70.21%,60.47%,61.77%,26.03%,25.40%,10152.53
2017/6/16,19.1,19.2,18.7,18.9,19.36,18.73,17.89,17.65,101,275,303,0.58,0.38,0.19,62.64%,67.68%,55.74%,59.24%,25.56%,25.48%,10158.15
2017/6/19,18.9,19.5,18.65,19.5,19.19,18.95,17.97,17.63,153,175,317,0.59,0.43,0.17,64.91%,66.76%,65.46%,64.06%,26.61%,26.05%,10226.84
2017/6/20,20,20.15,19.5,19.5,19.22,19.16,18.1,17.61,143,150,326,0.63,0.47,0.16,64.58%,66.03%,65.46%,64.06%,26.93%,26.49%,10206.18
2017/6/21,19.15,20.4,19.05,19.8,19.36,19.43,18.23,17.59,167,133,323,0.66,0.51,0.15,63.99%,65.35%,70.18%,66.42%,27.52%,27.00%,10209.99
2017/6/22,20,20.65,19.8,20.1,19.56,19.56,18.38,17.58,220,157,294,0.7,0.54,0.16,67.66%,66.12%,74.38%,68.67%,28.06%,27.53%,10225.78
2017/6/23,20.1,20.2,19.9,20.15,19.81,19.59,18.53,17.58,135,164,220,0.73,0.58,0.15,70.86%,67.70%,75.08%,69.05%,28.27%,27.90%,10199.65
2017/6/26,20.5,22.15,20.5,22.15,20.34,19.77,18.79,17.63,1312,395,285,0.87,0.64,0.23,80.57%,71.99%,89.23%,79.70%,31.28%,29.59%,10109.96
2017/6/27,22.35,24.35,22.35,24.35,21.31,20.27,19.18,17.72,1232,613,382,1.14,0.74,0.4,87.05%,77.01%,93.85%,85.64%,38.04%,33.82%,10128.15
2017/6/28,26.75,26.75,26.75,26.75,22.7,21.03,19.68,17.85,452,670,401,1.57,0.9,0.66,91.37%,81.80%,96.06%,89.34%,48.25%,41.03%,10072.46
2017/6/29,29.4,29.4,28.1,29.4,24.56,22.06,20.31,18.03,5004,1627,892,2.07,1.14,0.93,94.24%,85.95%,97.33%,91.87%,60.92%,50.97%,10088.35
2017/6/30,29.4,32.3,29.25,32.3,26.99,23.4,21.06,18.25,3120,2224,1194,2.64,1.44,1.2,96.16%,89.35%,98.12%,93.66%,75.25%,63.11%,10156.73
2017/7/3,32.5,35.5,32.5,35,29.56,24.95,21.95,18.53,2452,2452,1424,3.29,1.81,1.48,96.43%,91.71%,98.59%,94.82%,89.14%,76.13%,10250.6
2017/7/4,34.3,34.8,33,33.15,31.32,26.32,22.74,18.78,1353,2476,1545,3.68,2.18,1.5,92.63%,92.02%,81.81%,83.41%,94.00%,85.06%,10324.46
2017/7/5,32.5,33.1,31.7,31.8,32.33,27.52,23.47,19.02,1218,2629,1650,3.84,2.51,1.32,87.18%,90.40%,71.20%,76.12%,94.16%,89.61%,10349.72
2017/7/6,33,34,32.3,33.6,33.17,28.87,24.21,19.29,1181,1865,1746,4.01,2.81,1.2,87.23%,89.35%,76.15%,78.81%,96.37%,92.99%,10399.06
2017/7/7,33,35,32.7,35,33.71,30.35,24.97,19.59,1058,1452,1838,4.19,3.09,1.1,90.22%,89.64%,79.45%,80.66%,99.17%,96.08%,10377.7
2017/7/10,35,37.5,35,36.5,34.01,31.79,25.78,19.92,1372,1236,1844,4.44,3.36,1.08,90.38%,89.89%,82.55%,82.45%,102.06%,99.07%,10513.96
2017/7/11,37.5,37.5,34,35.2,34.42,32.87,26.57,20.22,1338,1233,1855,4.51,3.59,0.92,85.43%,88.40%,71.35%,75.81%,100.99%,100.03%,10512.06
2017/7/12,35,35.7,34.5,35,35.06,33.7,27.36,20.53,670,1124,1877,4.48,3.77,0.71,80.19%,85.66%,69.61%,74.80%,98.21%,99.12%,10390.55
2017/7/13,35,35.4,34.2,34.55,35.25,34.21,28.14,20.84,565,1001,1433,4.38,3.89,0.49,69.84%,80.39%,65.30%,72.43%,93.99%,96.55%,10421.65
2017/7/14,34.35,36.5,34.35,35.5,35.35,34.53,28.97,21.15,1207,1030,1241,4.31,3.97,0.33,68.40%,76.39%,70.00%,74.31%,88.92%,92.74%,10395.07
2017/7/17,32,35.45,31.95,34.4,34.93,34.47,29.71,21.44,2523,1261,1249,4.09,4,0.1,61.12%,71.30%,58.91%,68.42%,82.89%,87.81%,10412.79
2017/7/18,33.3,34.8,33,33,34.49,34.46,30.39,21.72,1082,1209,1221,3.83,3.96,-0.13,47.05%,63.22%,47.43%,61.65%,75.37%,81.59%,10347.78
2017/7/19,33.3,36.3,33.3,36.3,34.75,34.91,31.21,22.06,1420,1359,1242,3.75,3.92,-0.17,57.49%,61.31%,66.11%,69.43%,68.12%,74.85%,10404.79
2017/7/20,36.7,39.9,36.6,39.9,35.82,35.54,32.2,22.46,3329,1912,1456,3.92,3.92,0,71.66%,64.76%,76.87%,75.38%,61.95%,68.40%,10368.2
2017/7/21,40,40,37.3,37.85,36.29,35.82,33.09,22.82,2393,2149,1590,3.95,3.93,0.02,72.21%,67.24%,63.17%,67.25%,51.89%,60.15%,10297.25
2017/7/24,36.5,39.8,36.5,38.3,37.07,36,33.89,23.19,1273,1899,1580,3.92,3.92,0,74.43%,69.64%,64.82%,68.08%,42.80%,51.47%,10289.91
2017/7/25,38.95,39.2,37.5,37.75,38.02,36.26,34.56,23.55,961,1875,1542,3.84,3.91,-0.07,73.64%,70.97%,60.82%,65.87%,34.52%,42.99%,10415.57
2017/7/26,37.3,37.75,35.5,35.5,37.86,36.31,35,23.86,1388,1869,1614,3.58,3.84,-0.27,63.79%,68.58%,46.67%,57.53%,27.27%,35.13%,10420.68
2017/7/27,34.85,36,32.5,36,37.08,36.45,35.33,24.19,1413,1486,1699,3.25,3.72,-0.47,59.30%,65.48%,49.79%,58.79%,22.84%,28.98%,10460.15
2017/7/28,35,35.4,34,34,36.31,36.3,35.42,24.46,861,1179,1664,2.9,3.56,-0.66,46.20%,59.06%,38.89%,52.03%,21.70%,25.34%,10443.91
2017/7/31,33.9,34.6,32.9,33,35.25,36.16,35.32,24.73,716,1068,1484,2.51,3.35,-0.84,33.02%,50.38%,34.37%,48.96%,22.55%,23.94%,10457.54
2017/8/1,33.4,36.3,33.1,36.3,34.96,36.49,35.47,25.04,1194,1114,1495,2.35,3.15,-0.8,38.90%,46.55%,55.04%,57.91%,21.84%,22.89%,10481.26
2017/8/2,36.5,37.45,35,35.2,34.9,36.38,35.64,25.34,1607,1158,1514,2.22,2.96,-0.75,37.94%,43.68%,48.88%,54.44%,19.61%,21.25%,10506.1
2017/8/3,35.65,36.5,34.2,35.95,34.89,35.99,35.76,25.65,910,1058,1272,2.08,2.79,-0.71,41.04%,42.80%,53.17%,56.38%,18.84%,20.04%,10499.36
2017/8/4,36.5,36.85,35.2,36.4,35.37,35.84,35.83,25.98,1042,1094,1137,1.99,2.63,-0.64,46.77%,44.12%,55.84%,57.57%,18.75%,19.40%,10436.7
2017/8/7,36.9,40,36.75,40,36.77,36.01,36.01,26.38,4300,1811,1439,2.14,2.53,-0.39,64.51%,50.92%,71.45%,65.70%,21.19%,20.29%,10461.28
2017/8/8,38.5,39,36,36.7,36.85,35.91,36.08,26.71,2896,2151,1633,2.06,2.44,-0.37,61.67%,54.50%,51.45%,55.13%,21.11%,20.70%,10463.15
2017/8/9,36.5,36.5,35,35.35,36.88,35.89,36.1,27.03,889,2007,1583,1.86,2.32,-0.46,52.62%,53.88%,45.23%,51.44%,21.00%,20.85%,10419.11
2017/8/10,35.1,36.4,34.3,34.9,36.67,35.78,36.12,27.34,933,2012,1535,1.64,2.18,-0.54,44.47%,50.74%,43.14%,50.22%,20.85%,20.85%,10508.37
2017/8/11,33.8,37.65,33.7,36.35,36.66,36.02,36.16,27.67,1062,2016,1555,1.52,2.05,-0.53,45.35%,48.94%,51.75%,54.06%,20.77%,20.81%,10423.05
2017/8/14,39,39,35.65,36,35.86,36.32,36.24,27.97,1628,1482,1646,1.46,1.93,-0.47,42.40%,46.76%,49.57%,52.98%,20.25%,20.53%,10427.33
2017/8/15,37,37.25,35.95,36.4,35.8,36.33,36.41,28.3,796,1062,1606,1.39,1.82,-0.44,42.55%,45.36%,52.32%,54.12%,18.43%,19.48%,10437.29
2017/8/16,36.5,36.5,34.9,35.1,35.75,36.32,36.35,28.59,592,1002,1505,1.23,1.71,-0.48,35.78%,42.16%,43.16%,49.84%,18.73%,19.11%,10519.27
2017/8/17,36.1,36.2,34.75,35.4,35.85,36.26,36.12,28.9,721,960,1486,1.09,1.58,-0.49,32.85%,39.06%,45.79%,50.82%,16.65%,17.88%,10469.88
2017/8/18,34.7,35.85,34.7,34.95,35.57,36.12,35.98,29.2,555,858,1437,0.94,1.45,-0.51,29.76%,35.96%,42.27%,49.25%,16.33%,17.10%,10506.56
2017/8/21,34.45,35.35,32.25,33.5,35.07,35.47,35.74,29.47,1045,742,1112,0.7,1.3,-0.6,26.01%,32.64%,32.58%,44.42%,16.36%,16.73%,10579.38
2017/8/22,33.5,34.45,33.3,33.5,34.49,35.15,35.53,29.76,632,709,885,0.5,1.14,-0.64,23.51%,29.60%,32.58%,44.42%,16.47%,16.60%,10568.97
2017/8/23,33.85,34,32.5,32.85,34.04,34.9,35.39,30.02,747,740,871,0.3,0.97,-0.68,18.64%,25.95%,28.38%,42.21%,17.80%,17.20%,10470.38
2017/8/24,32.9,35.5,31.8,34.65,33.89,34.87,35.33,30.32,1014,799,879,0.22,0.82,-0.61,25.62%,25.84%,49.85%,49.76%,17.85%,17.53%,10329.74
2017/8/25,34.3,35,33.6,34,33.7,34.64,35.33,30.6,525,793,826,0.15,0.69,-0.54,30.54%,27.40%,44.12%,47.32%,17.85%,17.69%,10329.57
2017/8/28,34,35,34,34.1,33.82,34.45,35.38,30.88,318,647,695,0.11,0.57,-0.46,36.67%,30.49%,45.28%,47.75%,17.10%,17.39%,10225.28
2017/8/29,34.1,34.1,33.6,33.75,33.87,34.18,35.25,31.15,305,582,645,0.04,0.47,-0.43,39.22%,33.40%,41.65%,46.31%,17.44%,17.41%,10311.16
2017/8/30,33.3,35.3,33.3,34.15,34.13,34.09,35.2,31.44,502,533,636,0.01,0.38,-0.36,45.49%,37.43%,47.44%,48.26%,17.67%,17.54%,10290.39
2017/8/31,34.15,35.8,34.15,35.1,34.22,34.06,35.16,31.71,785,487,643,0.06,0.31,-0.25,57.83%,44.23%,59.02%,52.70%,17.59%,17.57%,10369.37
2017/9/1,35.85,35.85,34.7,35.05,34.43,34.07,35.09,31.96,516,485,639,0.11,0.27,-0.17,65.30%,51.25%,58.21%,52.44%,17.32%,17.44%,10321.33
2017/9/4,34.75,35.5,34.1,35.4,34.69,34.26,34.86,32.21,452,512,580,0.14,0.24,-0.11,73.16%,58.56%,62.53%,54.16%,11.79%,14.61%,10326.39
2017/9/5,35.4,35.5,34.5,34.6,34.86,34.37,34.76,32.47,666,584,583,0.13,0.22,-0.09,71.82%,62.98%,48.72%,49.68%,10.78%,12.70%,10392.07
2017/9/6,34,34.25,32.1,33.2,34.67,34.4,34.65,32.7,918,667,600,0,0.18,-0.18,57.66%,61.20%,33.28%,42.92%,11.37%,12.03%,10406.81
2017/9/7,32.4,33.7,32.4,32.5,34.15,34.19,34.53,32.93,491,609,548,-0.14,0.11,-0.25,41.99%,54.80%,27.96%,39.95%,12.60%,12.32%,10488.96
2017/9/8,32.5,33.8,32.5,33.6,33.86,34.15,34.39,33.17,335,572,529,-0.19,0.05,-0.25,41.33%,50.31%,44.64%,46.31%,11.87%,12.09%,10515.51
2017/9/11,36.95,36.95,35.3,35.4,33.86,34.28,34.36,33.44,1361,754,633,-0.05,0.03,-0.08,50.23%,50.28%,61.94%,54.85%,11.41%,11.75%,10525.98
2017/9/12,34.95,35,33.9,34.8,33.9,34.38,34.28,33.69,843,790,687,-0.02,0.02,-0.04,52.05%,50.87%,55.06%,51.85%,10.15%,10.95%,10496.57
2017/9/13,34.7,35,33.7,33.8,34.02,34.35,34.22,33.92,630,732,700,-0.04,0.01,-0.05,46.38%,49.37%,45.05%,47.17%,9.99%,10.47%,10569.4
2017/9/14,33.6,33.8,32.3,33.6,34.24,34.2,34.13,34.15,481,730,669,-0.12,-0.02,-0.1,41.23%,46.66%,43.16%,46.25%,9.60%,10.03%,10585.78
2017/9/15,31.5,31.5,30.25,30.35,33.59,33.73,33.9,34.32,2095,1082,827,-0.4,-0.09,-0.3,27.98%,40.43%,23.78%,34.44%,13.44%,11.73%,10594.82
2017/9/18,30,30,28,29,32.31,33.09,33.67,34.43,764,963,858,-0.74,-0.22,-0.52,22.38%,34.42%,19.43%,30.87%,18.54%,15.14%,10569.87
2017/9/19,28.9,30.5,28.9,29.2,31.19,32.55,33.46,34.51,439,882,836,-0.96,-0.37,-0.59,19.39%,29.41%,21.96%,32.01%,22.00%,18.57%,10617.84
2017/9/20,29.2,29.25,28.3,28.35,30.1,32.06,33.23,34.54,319,820,776,-1.19,-0.53,-0.66,14.23%,24.35%,18.92%,29.73%,25.88%,22.22%,10547.86
2017/9/21,28.25,29,28.25,28.6,29.1,31.67,32.93,34.53,161,756,743,-1.36,-0.7,-0.66,11.72%,20.14%,22.70%,31.30%,28.49%,25.36%,10538.51
2017/9/22,28.8,29,28.3,28.3,28.69,31.14,32.64,34.46,211,379,730,-1.49,-0.86,-0.63,9.24%,16.51%,21.27%,30.41%,31.08%,28.22%,10609.95
2017/9/25,28.3,28.3,25.85,27.1,28.31,30.31,32.29,34.33,416,309,636,-1.68,-1.02,-0.66,10.72%,14.58%,16.34%,27.07%,34.46%,31.34%,10572.16
2017/9/26,27.2,28.3,27.2,27.95,28.06,29.63,32,34.24,328,287,584,-1.75,-1.17,-0.58,15.95%,15.03%,30.11%,32.78%,36.42%,33.88%,10610.35
2017/9/27,28.05,29.4,28,29.3,28.25,29.18,31.76,34.2,259,275,547,-1.69,-1.27,-0.42,30.99%,20.35%,46.80%,40.82%,36.87%,35.37%,10532.88
2017/9/28,29.6,30.35,29.6,30.1,28.55,28.83,31.51,34.14,491,341,548,-1.55,-1.33,-0.22,51.12%,30.61%,54.52%,45.06%,36.10%,35.74%,10553.57
2017/9/29,30.15,30.15,29.5,30.1,28.91,28.8,31.26,34.06,241,347,363,-1.42,-1.34,-0.07,64.55%,41.92%,54.52%,45.06%,35.03%,35.38%,10580.41
2017/9/30,30.15,32,30.15,31.8,29.85,29.08,31.08,33.98,613,386,348,-1.19,-1.31,0.13,75.28%,53.04%,68.51%,53.50%,33.12%,34.25%,10631.57
2017/10/2,32.3,33.5,32,32.9,30.84,29.45,31,33.94,728,466,377,-0.88,-1.23,0.35,80.91%,62.33%,74.58%,58.05%,32.04%,33.14%,10576.14
2017/10/3,33.1,33.5,32.55,33,31.58,29.92,30.99,33.91,388,492,384,-0.61,-1.1,0.49,85.09%,69.92%,75.10%,58.45%,31.94%,32.54%,10519.17
2017/10/5,33,35,33,34.75,32.51,30.53,31.1,33.91,706,535,438,-0.29,-0.94,0.65,89.15%,76.33%,82.62%,64.89%,33.30%,32.92%,10578.44
2017/10/6,35.5,35.5,34.85,35.2,33.53,31.22,31.18,33.91,758,639,493,0.03,-0.75,0.78,91.56%,81.41%,84.10%,66.35%,34.48%,33.70%,10449.68
2017/10/11,36.6,38.7,36.6,38.7,34.91,32.38,31.35,33.98,3105,1137,762,0.52,-0.49,1.01,94.37%,85.73%,91.14%,75.14%,38.57%,36.13%,10335.89
2017/10/12,39.05,42.55,39.05,42.55,36.84,33.84,31.73,34.14,2840,1559,1013,1.18,-0.16,1.34,96.25%,89.24%,94.41%,81.07%,48.27%,42.20%,10257.02
2017/10/13,43.7,46.8,42.8,46.8,39.6,35.59,32.38,34.32,2287,1939,1216,2.01,0.27,1.73,97.50%,91.99%,96.25%,85.30%,62.23%,52.21%,10326.68
2017/10/16,51.4,51.4,51.4,51.4,42.93,37.72,33.27,34.51,399,1878,1207,3.08,0.84,2.25,98.33%,94.10%,97.37%,88.36%,78.46%,65.34%,10296.45
2017/10/17,56.5,56.5,56.5,56.5,47.19,40.36,34.58,34.82,309,1788,1213,4.3,1.53,2.77,98.89%,95.70%,98.12%,90.71%,94.99%,80.16%,10329.94
2017/10/18,62.1,62.1,60.4,62.1,51.87,43.39,36.24,35.21,3258,1819,1478,5.61,2.34,3.27,99.26%,96.89%,98.63%,92.51%,110.94%,95.55%,10383.94
2017/10/19,62.2,68.3,60.3,68.3,57.02,46.93,38.19,35.72,2866,1824,1692,6.95,3.26,3.68,99.51%,97.76%,99.00%,93.94%,126.61%,111.08%,10465.16
2017/10/20,64.7,68.2,64.7,65.5,60.76,50.18,40.05,36.22,679,1502,1721,7.89,4.19,3.7,96.88%,97.47%,86.52%,85.89%,132.18%,121.63%,10469.35
2017/10/23,72,72,70,72,64.88,53.91,42.22,36.82,1187,1660,1769,8.97,5.15,3.83,97.92%,97.62%,90.02%,88.41%,138.90%,130.26%,10518.27
2017/10/24,72,77,72,72,67.98,57.59,44.4,37.46,892,1776,1782,9.86,6.09,3.77,94.22%,96.49%,90.02%,88.41%,140.95%,135.60%,10532.81
2017/10/25,74.4,74.4,68,68,69.16,60.52,46.45,38.04,983,1321,1570,10.16,6.9,3.25,87.38%,93.45%,73.18%,78.20%,137.11%,136.36%,10641.19
2017/10/26,70.5,74.8,69.9,74.8,70.46,63.74,48.79,38.68,879,924,1374,10.59,7.64,2.95,88.72%,91.87%,80.59%,82.04%,134.98%,135.67%,10711.44
2017/10/27,78.8,82.2,76,78.7,73.1,66.93,51.26,39.41,1656,1119,1311,11.23,8.36,2.87,87.94%,90.56%,83.69%,83.83%,133.05%,134.36%,10724.09
2017/10/30,81.9,82.2,79.8,81,74.9,69.89,53.81,40.16,774,1037,1348,11.77,9.04,2.73,90.13%,90.42%,85.35%,84.80%,130.06%,132.21%,10774.21
2017/10/31,81.5,83,78.9,83,77.1,72.54,56.45,40.93,665,991,1384,12.14,9.66,2.48,93.42%,91.42%,86.75%,85.62%,125.48%,128.85%,10723.15
2017/11/1,84.1,84.1,82,83,80.1,74.63,59.01,41.65,386,872,1097,12.38,10.2,2.17,93.72%,92.19%,86.75%,85.62%,119.72%,124.28%,10720.28
2017/11/2,82.8,82.8,77.2,77.8,80.7,75.58,61.26,42.34,736,843,884,12.09,10.58,1.51,82.77%,89.05%,63.84%,73.37%,111.29%,117.78%,10760.29
2017/11/3,79.8,79.8,75,76.6,80.28,76.69,63.44,43.02,587,630,875,11.58,10.78,0.8,72.99%,83.70%,59.49%,70.82%,101.20%,109.49%,10728.88
2017/11/6,78.5,82,76.1,82,80.48,77.69,65.8,43.81,822,639,838,11.32,10.89,0.43,77.64%,81.68%,70.39%,75.08%,91.81%,100.65%,10735.21
2017/11/7,82.3,83.6,79.2,81,80.08,78.59,68.09,44.55,575,621,806,11.05,10.92,0.13,77.82%,80.39%,66.42%,72.93%,80.46%,90.55%,10743.78
2017/11/8,72.9,72.9,72.9,72.9,78.06,79.08,69.8,45.17,548,654,763,10.05,10.75,-0.7,51.88%,70.89%,42.90%,58.22%,68.44%,79.49%,10750.57
2017/11/9,70,72.5,65.7,68.9,76.28,78.49,71.12,45.71,2922,1091,967,8.84,10.36,-1.53,40.38%,60.72%,35.46%,52.51%,57.30%,68.40%,10734.76
2017/11/10,67.6,73.7,64.6,73.7,75.7,77.99,72.46,46.35,2097,1393,1011,7.98,9.89,-1.91,42.48%,54.64%,48.36%,57.91%,47.09%,57.74%,10709.11
2017/11/13,69,70.3,66.4,66.4,72.58,76.53,73.21,46.87,2122,1653,1146,6.89,9.29,-2.39,31.40%,46.89%,35.43%,48.72%,39.34%,48.54%,10756.87
2017/11/14,67,67.5,62.1,65.2,69.42,74.75,73.65,47.37,1710,1880,1251,5.78,8.59,-2.81,25.74%,39.84%,33.66%,47.37%,34.74%,41.64%,10793.8
2017/11/15,65.2,67.8,63,67,68.24,73.15,73.89,47.93,1292,2029,1341,4.93,7.86,-2.92,24.75%,34.81%,39.14%,49.65%,32.66%,37.15%,10806.36
2017/11/16,67,70.3,65.5,68.8,68.22,72.25,73.92,48.52,1651,1774,1433,4.38,7.16,-2.78,26.89%,32.17%,44.64%,51.92%,32.53%,34.84%,10788.51
2017/11/17,69.8,71,66,67.5,66.98,71.34,74.02,49.1,1653,1686,1539,3.88,6.5,-2.63,26.30%,30.21%,41.40%,50.14%,31.81%,33.32%,10800.77
2017/11/20,67.9,69.1,66.8,67.7,67.24,69.91,73.8,49.65,914,1444,1548,3.42,5.89,-2.47,33.62%,31.35%,42.17%,50.43%,32.69%,33.01%,10786.19
2017/11/21,68.7,74.4,68.7,74.3,69.06,69.24,73.92,50.32,3237,1749,1815,3.43,5.4,-1.96,55.48%,39.39%,62.04%,58.90%,32.57%,32.79%,10840.34
2017/11/22,74.3,74.3,68.7,68.7,69.4,68.82,73.95,50.9,3553,2202,2115,3.18,4.95,-1.78,54.87%,44.55%,45.96%,50.85%,32.38%,32.58%,10818.99
2017/11/23,68.7,71.8,68.3,69,69.44,68.83,73.66,51.48,1623,2196,1985,2.89,4.54,-1.65,55.28%,48.13%,46.85%,51.24%,33.00%,32.79%,10743.27
2017/11/24,70,70.2,65.6,67,69.34,68.16,73.08,52.03,1590,2183,1935,2.48,4.13,-1.65,50.13%,48.80%,41.42%,48.45%,33.54%,33.16%,10732.67
2017/11/27,68.9,69.1,67.3,68.8,69.56,68.4,72.47,52.59,1369,2274,1859,2.2,3.74,-1.54,50.38%,49.32%,47.94%,51.07%,32.63%,32.90%,10683.92
2017/11/28,70.2,75,69.2,71.8,69.06,69.06,71.91,53.21,4785,2584,2167,2.24,3.44,-1.2,55.69%,51.45%,57.41%,55.20%,30.01%,31.45%,10687.18
2017/11/29,75.1,78.9,73.8,78.9,71.1,70.25,71.7,53.93,5950,3063,2633,2.69,3.29,-0.6,70.46%,57.79%,71.92%,63.23%,28.09%,29.77%,10630.65
2017/11/30,80,86.7,77.1,85,74.3,71.87,72.06,54.77,12544,5248,3722,3.48,3.33,0.15,77.62%,64.40%,79.22%,68.51%,31.50%,30.63%,10625.04
2017/12/1,86,89.5,76.5,76.5,76.2,72.77,72.06,55.49,16703,8270,5227,3.77,3.42,0.35,66.95%,65.25%,55.22%,56.23%,31.48%,31.06%,10701.64
2017/12/4,78,81.5,77.4,77.5,77.94,73.75,71.83,56.24,7973,9591,5933,3.85,3.5,0.34,61.23%,63.91%,57.06%,57.21%,29.80%,30.43%,10664.55
2017/12/5,77.5,80.5,70.2,71,77.78,73.42,71.33,56.87,7366,10107,6346,3.44,3.49,-0.05,48.35%,58.72%,43.22%,49.34%,27.60%,29.02%,10779.24
2017/12/6,70.5,73.4,68.4,71.5,76.3,73.7,71.26,57.47,4694,9856,6460,2.93,3.38,-0.45,40.46%,52.64%,44.47%,49.92%,27.55%,28.28%,10822.59
2017/12/7,74.5,74.5,71.5,72.3,73.76,74.03,71.43,58.09,2916,7930,6589,2.61,3.22,-0.62,34.48%,46.59%,46.71%,50.90%,27.34%,27.81%,10854.57
2017/12/8,73.3,74.7,71.8,72.3,72.92,74.56,71.36,58.73,3140,5218,6744,2.34,3.05,-0.71,29.15%,40.77%,46.71%,50.90%,27.24%,27.53%,10854.09
2017/12/11,69,72,65.5,71.3,71.68,74.81,71.61,59.36,3157,4255,6923,1.88,2.81,-0.94,27.49%,36.35%,43.55%,49.46%,26.40%,26.96%,10750.93
2017/12/12,72.5,72.7,68.2,68.2,71.12,74.45,71.76,59.99,2455,3272,6690,1.44,2.54,-1.1,22.08%,31.59%,34.79%,45.15%,25.45%,26.20%,10707.07
2017/12/13,69,69.7,67.2,68.6,70.54,73.42,71.84,60.65,1897,2713,6285,1.02,2.23,-1.22,19.02%,27.40%,36.76%,45.81%,25.02%,25.61%,10713.55
2017/12/14,69.4,69.9,66.6,68.2,69.72,71.74,71.81,61.3,1762,2482,5206,0.65,1.92,-1.27,18.31%,24.37%,35.47%,45.22%,25.16%,25.39%,10560.44
2017/12/15,68.4,68.8,67,67,68.66,70.79,71.78,61.95,1234,2101,3659,0.3,1.59,-1.3,15.54%,21.43%,31.51%,43.36%,25.31%,25.35%,10600.37
2017/12/18,67,68.5,66.2,67,67.8,69.74,71.75,62.59,810,1632,2943,-0.01,1.27,-1.28,15.79%,19.55%,31.51%,43.36%,25.51%,25.43%,10651.11
2017/12/19,67.9,73.7,67.3,73.6,68.88,70,71.71,63.34,3132,1767,2520,0.14,1.05,-0.9,39.88%,26.32%,63.68%,55.34%,25.42%,25.43%,10566.85
2017/12/20,73.5,73.5,71.1,71.3,69.42,69.98,71.84,64.08,2378,1863,2288,0.24,0.89,-0.65,47.60%,33.42%,53.22%,51.22%,25.10%,25.26%,10393.92
2017/12/21,71.8,77.4,70.3,72.3,70.24,69.98,72.01,64.82,4137,2338,2410,0.41,0.79,-0.38,50.78%,39.20%,56.91%,52.88%,24.78%,25.02%,10355.76
2017/12/22,73,75.3,71.7,71.9,71.22,69.94,72.25,65.53,2655,2622,2362,0.52,0.74,-0.22,50.82%,43.08%,54.84%,52.11%,23.87%,24.44%,10398.62
2017/12/25,71.9,71.9,68.6,70,71.82,69.81,72.31,66.19,2026,2866,2249,0.38,0.67,-0.28,45.19%,43.78%,45.39%,48.43%,23.62%,24.03%,10473.09
2017/12/26,70,70,67,69.8,71.06,69.97,72.21,66.86,1862,2612,2189,0.2,0.57,-0.37,40.84%,42.80%,44.43%,48.04%,23.84%,23.94%,10443.28
2017/12/27,69.8,73,69.8,70.9,70.98,70.2,71.81,67.51,1259,2388,2126,0.21,0.5,-0.29,41.21%,42.27%,51.27%,50.43%,22.43%,23.18%,10470.7
2017/12/28,71.5,72.8,70.8,71.1,70.74,70.49,71.12,68.14,1460,1852,2095,0.24,0.45,-0.21,42.06%,42.20%,52.55%,50.88%,14.95%,19.06%,10538.01
2017/12/29,70.6,74.9,70.6,73.1,70.98,71.1,70.95,68.81,2664,1854,2238,0.38,0.44,-0.05,47.59%,44.00%,63.89%,55.29%,13.55%,16.31%,10491.44
2018/1/2,74.8,80.4,73.5,80.4,73.06,72.44,71.09,69.57,3984,2246,2556,0.95,0.54,0.41,65.06%,51.02%,82.36%,67.07%,15.99%,16.15%,10506.52
2018/1/3,83.6,88.4,82.2,88.4,76.78,73.92,71.96,70.46,8354,3544,3078,2.03,0.84,1.19,76.71%,59.58%,89.45%,74.96%,26.25%,21.20%,10467.34
2018/1/4,90,96.6,87.7,87.7,80.14,75.56,72.77,71.28,11684,5629,4009,3.1,1.29,1.81,74.45%,64.54%,85.83%,73.28%,32.06%,26.63%,10504.52
2018/1/5,89.8,96.4,89.1,94.9,84.9,77.82,73.9,72.15,8640,7065,4459,4.21,1.87,2.34,81.05%,70.04%,90.55%,78.64%,40.94%,33.79%,10488.97
2018/1/8,97.2,99.7,92,92,88.68,79.83,74.89,72.9,6714,7875,4865,5.05,2.51,2.54,79.52%,73.20%,77.99%,72.27%,45.48%,39.64%,10537.27
2018/1/9,93.8,94.8,90.7,93.2,91.24,82.15,75.98,73.6,4630,8004,5125,5.57,3.12,2.45,79.10%,75.17%,79.41%,73.25%,49.23%,44.43%,10522.49
2018/1/10,95,96.4,90.6,92,91.96,84.37,77.17,74.19,4127,7159,5352,5.89,3.67,2.22,77.25%,75.86%,73.70%,70.54%,50.74%,47.59%,10421.91
2018/1/11,101,101,101,101,94.62,87.38,78.79,74.84,4806,5783,5706,6.74,4.29,2.45,84.83%,78.85%,84.03%,77.39%,55.13%,51.36%,10486.67
2018/1/12,106,111,103,111,97.84,91.37,80.93,75.55,14567,6969,7017,7.96,5.02,2.94,89.89%,82.53%,89.51%,82.36%,62.44%,56.90%,10567.64
2018/1/15,114,122,112,122,103.84,96.26,83.68,76.49,12035,8033,7954,9.67,5.95,3.72,93.26%,86.11%,92.79%,86.04%,71.97%,64.43%,10642.86
2018/1/16,126,134,126,134,112,101.62,87.03,77.53,8813,8870,8437,11.89,7.14,4.75,95.51%,89.24%,94.88%,88.82%,83.26%,73.85%,10710.73
2018/1/17,140,143.5,127,135.5,120.7,106.33,90.13,78.58,22222,12489,9824,13.77,8.47,5.3,92.10%,90.19%,95.09%,89.12%,91.71%,82.78%,10801.57
2018/1/18,138.5,142.5,132,140.5,128.6,111.61,93.59,79.79,14315,14390,10087,15.36,9.84,5.52,92.84%,91.08%,95.79%,90.07%,97.86%,90.32%,10848.63
2018/1/19,126.5,133,126.5,126.5,131.7,114.77,96.3,80.65,5698,12617,9793,15.57,10.99,4.58,84.52%,88.89%,64.72%,71.05%,97.27%,93.80%,10879.8
2018/1/22,126,131,126,130,133.3,118.57,99.2,81.51,3027,10815,9424,15.65,11.92,3.73,81.17%,86.32%,67.85%,72.62%,96.01%,94.91%,10915.75
2018/1/23,133,143,131,143,135.1,123.55,102.85,82.54,4961,10045,9457,16.4,12.82,3.58,87.06%,86.56%,76.96%,77.57%,95.82%,95.36%,10914.89
2018/1/24,145,156,145,147,137.4,129.05,106.71,83.61,5714,6743,9616,17.49,13.75,3.74,85.71%,86.28%,79.14%,78.86%,94.45%,94.91%,10831.09
2018/1/25,151,153,140,144.5,138.2,133.4,110.39,84.63,4148,4710,9550,17.89,14.58,3.31,81.76%,84.77%,73.89%,75.90%,90.85%,92.88%,10810.06
2018/1/26,149,158.5,148,158.5,144.6,138.15,114.76,85.98,4196,4409,8513,18.82,15.43,3.39,87.84%,85.80%,81.94%,80.39%,88.73%,90.81%,10883.96
2018/1/29,159.5,174,159.5,174,153.4,143.35,119.81,87.6,4063,4616,7716,20.5,16.44,4.06,91.89%,87.83%,87.19%,84.00%,89.05%,89.93%,10956.31
2018/1/30,180,185,165,176.5,160.1,147.6,124.61,89.18,4592,4543,7294,22,17.55,4.45,89.79%,88.48%,87.87%,84.50%,89.15%,89.54%,10986.11
2018/1/31,171,179.5,166,170.5,164.8,151.1,128.72,90.67,3367,4073,5408,22.61,18.56,4.04,85.00%,87.32%,76.19%,78.09%,87.58%,88.56%,11004.8
2018/2/1,174,176,168.5,174,170.7,154.45,133.03,92.35,2666,3777,4243,22.94,19.44,3.5,83.79%,86.14%,78.21%,79.10%,84.73%,86.64%,11071.57
2018/2/2,170.5,191,166,191,177.2,160.9,137.84,94.39,11844,5306,4858,23.87,20.32,3.54,89.19%,87.16%,85.44%,83.20%,85.41%,86.03%,11150.85
2018/2/5,181,194,172,175,177.4,165.4,141.99,96.08,11950,6884,5750,23.86,21.03,2.83,81.07%,85.13%,62.16%,69.25%,80.33%,83.18%,11231.46
2018/2/6,161,166.5,157.5,157.5,173.6,166.85,145.2,97.6,6806,7327,5935,22.05,21.24,0.81,64.85%,78.37%,45.78%,57.71%,72.66%,77.92%,11253.11
2018/2/7,167,170.5,157.5,161.5,171.8,168.3,148.68,99.2,11918,9037,6555,20.62,21.11,-0.49,53.01%,69.92%,49.44%,59.40%,63.41%,70.66%,11152.16
2018/2/8,162.5,165,148,162,169.4,170.05,151.73,100.78,11193,10742,7260,18.98,20.69,-1.7,45.49%,61.77%,49.94%,59.62%,55.39%,63.03%,11165.95
2018/2/9,175,178,166.5,178,166.8,172,155.08,102.6,16088,11591,8449,18.75,20.3,-1.55,52.06%,58.54%,63.84%,66.04%,50.40%,56.71%,11147.1
2018/2/12,190,195.5,185,195.5,170.9,174.15,158.75,104.74,19867,13174,10029,19.77,20.2,-0.42,68.04%,61.71%,73.50%,71.45%,50.09%,53.40%,11221.81
2018/2/21,205,215,205,215,182.4,178,162.8,107.19,5515,12916,10121,21.91,20.54,1.38,78.70%,67.37%,80.47%,76.08%,55.29%,54.35%,11076.78
2018/2/22,227,236.5,227,236.5,197.4,184.6,167.85,109.9,5872,11707,10372,25.07,21.44,3.62,85.80%,73.51%,85.51%,79.99%,63.73%,59.04%,11103.79
2018/2/23,260,260,260,260,217,193.2,173.83,113.08,230,9514,10128,29.31,23.02,6.3,90.53%,79.18%,89.18%,83.25%,75.16%,67.10%,11160.25
2018/2/26,286,286,286,286,238.6,202.7,181.8,116.7,470,6391,8991,34.38,25.29,9.09,93.69%,84.02%,91.90%,86.00%,85.79%,76.44%,11126.23
2018/2/27,314.5,314.5,270.5,308,261.1,216,190.7,120.72,3327,3083,8129,39.1,28.05,11.05,94.49%,87.51%,93.55%,87.85%,96.20%,86.32%,10946.25
2018/3/1,288,298,277.5,277.5,273.6,228,197.43,124.2,1018,2183,7550,40.94,30.63,10.31,88.92%,87.98%,69.90%,73.25%,97.61%,91.96%,10404
2018/3/2,268.5,305,268.5,305,287.3,242.35,205.33,128.08,1680,1345,6526,42.98,33.1,9.88,90.47%,88.81%,76.36%,77.01%,101.42%,96.69%,10551.54
2018/3/5,309.5,335.5,305,305,296.3,256.65,213.35,131.85,1286,1556,5535,45.42,35.56,9.85,86.89%,88.17%,76.36%,77.01%,101.96%,99.32%,10528.52
2018/3/6,305,318,295.5,307,300.5,269.55,220.78,135.55,850,1632,4012,46.35,37.72,8.63,83.98%,86.78%,76.88%,77.28%,102.34%,100.83%,10371.75
2018/3/7,324.5,336,310,311,301.1,281.1,227.63,139.46,915,1150,2116,47.37,39.65,7.72,81.68%,85.08%,78.04%,77.87%,103.08%,101.96%,10421.09
2018/3/8,315,315,280,280,301.6,287.6,232.8,142.83,1087,1164,1674,45.37,40.79,4.57,63.22%,77.79%,53.22%,64.04%,100.49%,101.22%,10714.44
2018/3/9,265.5,280,265.5,275,295.6,291.45,238.03,146.23,980,1024,1184,42.09,41.05,1.04,46.64%,67.41%,50.13%,62.10%,96.37%,98.80%,10662.38
2018/3/12,247.5,247.5,247.5,247.5,284.1,290.2,241.7,149.17,695,905,1231,36.95,40.23,-3.28,31.09%,55.30%,36.26%,52.55%,91.76%,95.28%,10794.55
2018/3/13,241.5,272,241.5,272,277.1,288.8,245.75,152.5,1787,1093,1363,33.84,38.95,-5.11,31.49%,47.36%,50.81%,58.72%,88.79%,92.03%,10836.7
2018/3/14,271.5,296.5,271.5,295,273.9,287.5,251.75,156.21,781,1066,1108,33.03,37.77,-4.74,39.86%,44.86%,60.88%,63.57%,84.23%,88.13%,10815.47
2018/3/15,287.5,287.5,275.5,279,273.7,287.65,257.83,159.67,890,1027,1095,31.27,36.47,-5.2,39.80%,43.18%,52.00%,58.36%,75.47%,81.80%,10785.79
2018/3/16,271,275,263,270,272.7,284.15,263.25,163.03,1009,1032,1028,28.69,34.91,-6.23,36.59%,40.98%,47.33%,55.57%,65.89%,73.85%,10698.17
2018/3/19,280,297,280,297,282.6,283.35,270,166.84,1607,1215,1060,28.19,33.57,-5.38,43.97%,41.98%,60.18%,61.59%,55.02%,64.43%,10642.9
2018/3/20,326.5,326.5,326.5,326.5,293.5,285.3,277.43,171.14,345,926,1010,30.17,32.89,-2.72,62.65%,48.87%,69.83%,66.92%,46.96%,55.70%,10784.34
2018/3/21,359,359,333,342,302.9,288.4,284.75,175.73,9153,2601,1833,32.77,32.86,-0.09,70.27%,56.00%,73.83%,69.36%,41.67%,48.68%,10745.32
2018/3/22,345.5,365,345,353.5,317.8,295.75,291.68,180.5,4724,3368,2197,35.25,33.34,1.91,77.08%,63.03%,76.59%,71.09%,39.39%,44.04%,10823.24
2018/3/23,342,388.5,342,388.5,341.5,307.1,299.28,185.75,8813,4928,2980,38.6,34.39,4.21,84.72%,70.26%,83.11%,75.65%,44.00%,44.02%,10864.82
2018/3/26,405,419,364,369,355.9,319.25,304.73,190.71,10933,6794,4004,41.06,35.73,5.33,79.13%,73.22%,70.07%,69.03%,45.85%,44.93%,11002.1
2018/3/27,379.5,391,371.5,372,365,329.25,309.03,195.71,1013,6927,3927,42.22,37.03,5.2,76.04%,74.16%,70.91%,69.48%,48.61%,46.77%,11095.63
2018/3/28,366,366,346,350,366.6,334.75,311.13,200.34,968,5290,3946,40.77,37.77,2.99,69.29%,72.53%,56.84%,62.28%,49.62%,48.20%,11038.8
2018/3/29,368,368,350,360,367.9,342.85,315.25,205.18,373,4420,3894,39.68,38.16,1.53,65.37%,70.15%,61.05%,64.12%,49.72%,48.96%,11018.45
2018/3/30,362,362,325,325,355.2,348.35,316.25,209.43,1032,2864,3896,36.37,37.8,-1.43,43.58%,61.29%,43.29%,54.03%,49.54%,49.25%,11027.7
2018/3/31,325,357.5,325,357.5,352.9,354.4,318.88,214.21,497,777,3785,34.56,37.15,-2.59,40.58%,54.39%,57.17%,60.35%,50.27%,49.76%,11046.9
2018/4/2,371,393,370,380,354.5,359.75,322.53,219.35,684,711,3819,35.26,36.77,-1.52,46.56%,51.78%,64.41%,64.08%,52.21%,50.99%,11010.84
2018/4/3,378,415,378,415,367.5,367.05,327.73,225.05,944,706,2998,37.39,36.9,0.5,62.95%,55.50%,72.95%,69.03%,56.81%,53.90%,11011.07
2018/4/9,420,420,390,415,378.5,373.2,334.48,230.63,440,719,2570,38.98,37.31,1.67,73.55%,61.52%,72.95%,69.03%,58.44%,56.17%,11005.84
2018/4/10,408,412,391,399,393.3,374.25,340.68,235.81,481,609,1737,39,37.65,1.35,75.00%,66.01%,63.00%,64.22%,57.29%,56.73%,10823.33
2018/4/11,407,407,359.5,376,397,374.95,347.1,240.61,847,679,728,36.93,37.5,-0.58,67.89%,66.64%,51.00%,57.89%,51.12%,53.92%,10840.05
2018/4/12,360,402.5,338.5,341.5,389.3,371.9,350.58,244.72,5453,1633,1172,33,36.6,-3.61,51.05%,61.44%,37.99%,49.86%,46.70%,50.31%,10986.79
2018/4/13,358,361,307.5,307.5,367.8,367.65,351.2,248.31,6702,2785,1745,26.74,34.63,-7.89,34.03%,52.31%,29.18%,43.38%,45.75%,48.03%,10865.66
2018/4/16,288,300,277,277,340.2,359.35,351.1,251.38,5243,3745,2232,18.49,31.4,-12.91,22.69%,42.43%,23.35%,38.49%,45.97%,47.00%,10845.92
2018/4/17,264.5,268,249.5,249.5,310.3,351.8,350.08,254,8277,5304,2957,9.54,27.03,-17.49,15.13%,33.33%,19.20%,34.65%,48.67%,47.83%,10906.22
2018/4/18,243.5,250,225,235,282.1,339.55,346.98,256.23,20878,9311,4995,0.98,21.82,-20.84,11.79%,26.15%,17.26%,32.77%,55.60%,51.71%,10919.49
2018/4/19,238,250,211.5,211.5,256.1,322.7,341.23,257.91,2099,8640,5136,-6.93,16.07,-23,7.86%,20.06%,14.42%,29.90%,66.20%,58.96%,10888.27
2018/4/20,190.5,190.5,190.5,190.5,232.7,300.25,333.65,259.05,806,7461,5123,-15.5,9.75,-25.26,5.24%,15.12%,12.26%,27.55%,78.32%,68.64%,10821.53
2018/4/23,171.5,190.5,171.5,181,213.5,276.85,325.03,259.83,2880,6988,5367,-22.8,3.24,-26.04,4.84%,11.69%,11.34%,26.52%,89.92%,79.28%,10893.53
2018/4/24,182,184,163,163,196.2,253.25,313.75,260.29,1215,5576,5440,-29.27,-3.26,-26.01,3.23%,8.87%,9.69%,24.62%,101.38%,90.33%,10927.18
2018/4/25,158,178.5,150.5,178.5,184.9,233.5,304.23,260.93,2183,1837,5574,-33.74,-9.35,-24.39,6.58%,8.11%,21.53%,29.37%,109.96%,100.14%,10974.02
2018/4/26,175,182.5,172,175,177.6,216.85,294.38,261.73,1588,1734,5187,-36.5,-14.78,-21.72,9.85%,8.69%,20.79%,28.92%,117.70%,108.92%,10955.29
,,,,,,,,,,,,,,,,,,,,,10965.39
,,,,,,,,,,,,,,,,,,,,,10954.55
,,,,,,,,,,,,,,,,,,,,,10810.45
